title,source,score,url,date
"Stock market today: Dow, S&P 500, Nasdaq drift ahead of Warsh's first Fed meeting as chair",yahoo entertainment,-1.0,https://finance.yahoo.com/markets/live/stock-market-today-dow-sp-500-nasdaq-drift-ahead-of-warshs-first-fed-meeting-as-chair-223512220.html,2026-06-15
Federal Reserve’s Warsh to outline inflation strategy at debut press conference,crypto briefing,-1.0,https://cryptobriefing.com/fed-warsh-inflation-strategy-debut/,2026-06-15
"PGIM forecasts three Federal Reserve rate hikes in 2026, reverses course with cuts in 2027",crypto briefing,-1.0,https://cryptobriefing.com/pgim-fed-rate-hikes-2026-forecast/,2026-06-15
The populist case for ending easy money now,financial post,-1.0,https://financialpost.com/financial-times/the-populist-case-for-ending-easy-money-now,2026-06-15
Trump is giving Warsh room to reshape the Fed,cnbc,-1.0,https://www.cnbc.com/2026/06/15/trump-warsh-fed-reshape.html,2026-06-15
Cybersecurity Experts Are Baffled by Trump’s Ban of Anthropic’s New AI Models,gizmodo.com,-1.0,https://gizmodo.com/cybersecurity-experts-are-baffled-by-trumps-ban-of-anthropics-new-ai-models-2000771976,2026-06-15
Federal Reserve’s June meeting looms large as markets brace for updated economic projections,crypto briefing,-1.0,https://cryptobriefing.com/fed-june-meeting-sep-interest-rates-crypto/,2026-06-15
"Kevin Warsh's High-Stakes Fed Debut On Inflation, Jobs And Economic Outlook: Here's What To Expect",biztoc.com,-1.0,https://biztoc.com/x/f852b7f24c58abd1,2026-06-15
Hackers Linked to Iran Claim to Have Infiltrated FBI Drone Network,breitbart news,-1.0,https://www.breitbart.com/middle-east/2026/06/15/hackers-linked-to-iran-claim-to-have-infiltrated-fbi-drone-network/,2026-06-15
Barclays issues urgent note for gold investors after selloff,biztoc.com,-1.5,https://biztoc.com/x/31b43d43a5ad7f8a,2026-06-16
